example1student@brown.edu,"Student, Example 1"
example2student@brown.edu,"Student, Example 2"
example3student@brown.edu,"Student, Example 3"
example4student@brown.edu,"Student, Example 4"
example5student@brown.edu,"Student, Example 5"
example6student@brown.edu,"Student, Example 6"
example7student@brown.edu,"Student, Example 7"
example8student@brown.edu,"Student, Example 8"
example9student@brown.edu,"Student, Example 9"
example10student@brown.edu,"Student, Example 10"
example11student@brown.edu,"Student, Example 11"
example12student@brown.edu,"Student, Example 12"
example13student@brown.edu,"Student, Example 13"
example14student@brown.edu,"Student, Example 14"
example15student@brown.edu,"Student, Example 15"
example16student@brown.edu,"Student, Example 16"
example17student@brown.edu,"Student, Example 17"
example18student@brown.edu,"Student, Example 18"
example19student@brown.edu,"Student, Example 19"
example20student@brown.edu,"Student, Example 20"
example21student@brown.edu,"Student, Example 21"
example22student@brown.edu,"Student, Example 22"
example23student@brown.edu,"Student, Example 23"
example24student@brown.edu,"Student, Example 24"
example25student@brown.edu,"Student, Example 25"
example26student@brown.edu,"Student, Example 26"
example27student@brown.edu,"Student, Example 27"
example28student@brown.edu,"Student, Example 28"
example29student@brown.edu,"Student, Example 29"